source_id,ra,ra_error,dec,dec_error,pmra,pmra_error,pmdec,pmdec_error,parallax,parallax_error,phot_g_mean_mag,bp_rp,radial_velocity,radial_velocity_error,phot_variable_flag,teff_val,a_g_val
3932782118496726016,187.1630599921061,1.085702056812567,13.52303602247419,0.6775819175850811,2.8260612796416833,3.120633392452636,-0.524334941908944,1.7357016191149925,-1.1526775027823846,1.1971117219346292,20.627077,0.6867218,,,NOT_AVAILABLE,,
3932787925292509696,186.84753409278076,0.6997913819223563,13.522891541656307,0.4398899997430401,0.4816838316844961,1.943639121060503,-0.5874328712675956,0.9926733405078072,0.49668342669494714,0.7613429767403992,20.296303,0.93161774,,,NOT_AVAILABLE,,
3932771466977797120,187.1215310803716,1.2426224101796979,13.403293072053382,0.7057819812951986,1.724504523896327,2.6585309591667428,-0.26313000209482984,1.538707482115287,-0.3827321764816431,1.3342490505334845,20.770218,0.18130302,,,NOT_AVAILABLE,,
3932792185900094464,186.80380313812725,0.9645879816192687,13.598731706207191,0.6711945839183533,-1.312026181958549,3.0514202737584126,-0.03806266143454201,1.4646669167754913,0.38698301688622117,1.103885986408941,20.601793,0.5121498,,,NOT_AVAILABLE,,
3932772910086802944,186.96654926614022,0.6660455552062782,13.357197877575574,0.39338066176588327,0.4942253632818535,1.6863463266442047,0.46839014660748396,0.7350060832372162,0.2453208368096053,0.6851188737173648,20.096388,0.80895615,,,NOT_AVAILABLE,,
3932772772647846144,186.93784336214637,0.5853558468634424,13.33207540813451,0.37783290461510927,-1.237705319990433,1.5712020437340823,0.20704122033799277,0.8012726022515632,-0.36631503284915384,0.6404638652818853,20.158878,0.81228065,,,NOT_AVAILABLE,,
3932789127883370624,186.98778642251835,0.8999903230560236,13.572231062444006,0.5767764145333734,-1.7913759173361985,2.378691498356443,0.9437367372773565,1.0963269201556975,-0.0362696474270388,0.9789899803258882,20.43978,0.34123802,,,NOT_AVAILABLE,,
3932777449867954560,187.19195074461945,1.26677060087225,13.432243836623613,1.0278350313105176,-0.12156598328805665,3.638975081327617,-0.48555671710625803,2.3425809682422853,-0.3350063785469017,1.593148115285885,20.76147,0.8998833,,,NOT_AVAILABLE,,
3932792465073069184,186.76824624742935,2.5288807192970464,13.612871126994314,1.5077623324889808,2.243963413552971,3.88318725107637,-0.5042396897752202,2.7569415541493716,0.30988837547482523,3.1927940833013273,20.840508,0.6784668,,,NOT_AVAILABLE,,
3932788960380033152,187.00895116710652,1.774229146000885,13.557925175764035,1.0594464323877424,-3.750828407944544,5.139492860995257,-2.0454498748384906,2.2279067562471684,-0.8873512773867707,1.836555678593801,20.967089,-0.12822151,,,NOT_AVAILABLE,,
3907985249367635200,186.9439940787149,1.9565790702665906,12.985586005744661,1.2433892525112258,1.9573511181238483,4.936451308479862,0.8583302624443203,2.2572242580092894,-0.3211260779430092,2.219507119838353,20.916428,0.95765686,,,NOT_AVAILABLE,,
3907849455386539648,186.33063103832376,0.7087800848511304,12.384479837931389,0.5066526198948327,-1.5622728151704768,1.8748593602158163,0.07992653295201761,1.0485855407437827,0.08051984252117482,0.7417591677510398,20.107475,0.953743,,,NOT_AVAILABLE,,
3907919033856962944,187.24158440601485,0.6039010706339218,12.757796011058206,0.362406127481396,-0.8249063126564486,1.234761609254577,0.6561173128120523,0.8573373757298594,-0.5056698330571485,0.694418127006734,19.962145,0.4945774,,,NOT_AVAILABLE,,
3907798293735977088,186.1282647924486,2.1721966263174246,11.994604965008982,1.3577749628482014,-0.8304500894939605,3.846236171500425,0.1265964417752853,2.461725472307943,-0.45182952981614727,2.8327292569592513,20.851578,0.7040577,,,NOT_AVAILABLE,,
3907973906358734848,187.1978559286511,0.5553793771427993,12.89175776693648,0.36079691250546336,-1.045339074096133,1.298036145568731,0.4788020250564552,0.8110228846020814,0.0035015387161493436,0.6118085201730487,20.056482,0.4124279,,,NOT_AVAILABLE,,
3907972501905157632,187.19658649836543,0.6601647680938195,12.825330529220077,0.413472752353606,-1.3164470411951128,2.0467576153705798,-0.17205476726274777,0.9079609177818644,0.041802007940494275,0.6676456832773138,20.052267,0.75240135,,,NOT_AVAILABLE,,
3907853544195410304,186.23554960414157,0.25780544318216914,12.435713240344139,0.18438656019553035,0.4493129417483617,0.6447047490058685,-0.28020552236262064,0.34508511817622184,0.16399914801867174,0.2884044841082053,18.737825,0.3861313,,,NOT_AVAILABLE,,
3907897868257985536,187.30540750157834,1.1821605937153752,12.465086816556973,0.7691336708485492,0.12211257786126857,2.861922783687819,0.7265648293895238,1.8461339691131908,0.4436978076860153,1.2597154586203037,20.733955,0.7600155,,,NOT_AVAILABLE,,
3907798160592614144,186.18221873487707,0.6348664593028109,11.99352595213115,0.372506527852683,-0.35570253075758046,1.574596853951955,-0.15258049757425787,0.7827091199126671,-0.468739808092184,0.7400118382986762,20.033241,0.655241,,,NOT_AVAILABLE,,
3907754004033133440,186.66946974626137,0.4374040981154941,11.819725125138255,0.2954960713411582,0.3255753765229878,1.0890464479823487,0.022837023488640064,0.6864597253908127,0.336507318672918,0.5241851862866886,19.57156,1.0488377,,,NOT_AVAILABLE,,
3907861691748947712,187.124527843836,0.8577261125017799,12.182604921552189,0.6214246257867337,-1.7531832034302721,2.066643151820716,-0.7040026939063517,1.2391856481258687,-0.09415629263229193,0.9887537672480637,20.5537,0.4627571,,,NOT_AVAILABLE,,
3907780048717020032,186.61648184506402,0.7078583588955876,12.094006279088187,0.5729829991171699,0.5836714597152183,1.8889643140019587,-1.3197550858272629,1.5124832506548052,0.37389387390520956,0.8742603925097746,20.30067,0.5231247,,,NOT_AVAILABLE,,
3907962842522972288,186.682252070446,0.5590718707803305,12.873326429697912,0.4059913418498393,0.9868209529849443,1.5659937328162528,-0.8982306233691005,0.9319778592049228,0.04902649610848759,0.8536438911058077,19.82372,0.5335598,,,NOT_AVAILABLE,,
3907705694241256320,187.49162370665644,0.5321704878413169,12.363868484648526,0.3826903728904892,0.4245818094391945,1.2445135005994752,0.2286342122322536,0.8076541115389153,-0.3673714645771292,0.7029870207133894,19.872894,1.0533943,,,NOT_AVAILABLE,,
3907706415795761664,187.54866375745132,1.492221720281944,12.362709744069601,1.4084193326035175,0.9725518295396905,3.365911618456242,-0.5623776557274136,2.1563817673373427,-0.39074446020288855,1.9176505123740717,20.761467,0.6777897,,,NOT_AVAILABLE,,
3907831970575179392,186.5073136615127,0.8855128498379641,12.239279208217859,0.5339756755223574,0.07020265703582086,2.2236269233084234,-0.2842041294606219,1.3343021595424356,-0.042815237387939936,0.960588254282278,20.503212,0.62864304,,,NOT_AVAILABLE,,
3907990261594234880,187.01556688102337,1.0386168974188206,12.998090398716036,0.5112749221956645,-0.7218884782451511,3.196319583791337,-0.9643323682479963,1.0296879375115802,-0.8061060513707135,0.8179857461551757,20.459002,0.65564346,,,NOT_AVAILABLE,,
3907898456669021696,187.332898279015,1.4901953989161931,12.50031718418956,0.9478636521545019,-1.7639424653235982,3.706312652674139,0.7908707669998142,2.2731176055171356,-0.26916501670526843,1.3900370550360452,20.795033,0.13967514,,,NOT_AVAILABLE,,
3907830046429829632,186.40017213070888,0.49825616474434353,12.263161620607637,0.34080785006858527,0.012730045783226644,1.416426696387098,-0.555489721122346,0.7415824473744784,-0.02740366152648357,0.5600398500333718,19.607365,0.7651596,,,NOT_AVAILABLE,,
3907990502112411520,187.10969880858246,0.6038232369933553,13.018403544665631,0.3809700295429251,-0.48234897015676054,1.717287129187513,-0.7254158185471599,0.8533576452603119,0.40436837363272243,0.6612242753050526,20.216879,0.68528366,,,NOT_AVAILABLE,,
3907855296542434688,186.25380949540659,0.3004888672940594,12.524519908778876,0.23589233970908455,0.3606939436366506,0.7873134224807204,0.027393144450493102,0.4366132305427622,-0.22270989586079912,0.3891730960501933,19.120123,0.52080154,,,NOT_AVAILABLE,,
3907967347944444416,187.11689776090637,1.4049324867332873,12.823693944332208,0.9599371798182745,1.4805314354008863,3.549065679571762,0.016054306929144495,2.0021271333980746,-0.513818316927408,1.6146425886656155,20.232466,,,,NOT_AVAILABLE,,
3907993701863771008,187.1071700752321,1.087201228932701,13.119596909472184,0.6599270676112018,-0.5605229966479892,2.7140889777883515,0.7963792835275176,1.6066373356223993,0.4290798505993921,1.2787375351136456,20.694214,0.6863823,,,NOT_AVAILABLE,,
3907771600514254336,186.49259721785597,0.46525467185615293,11.965689080281319,0.3244436107704079,0.7658049570018766,1.3177741842827961,0.3524671560342347,0.7874608727345986,-0.417048256759143,0.5318954817082863,19.822151,,,,NOT_AVAILABLE,,
3907764792991498112,186.90360772659403,0.42067874265915356,12.03564085984049,0.29169685027344333,0.4116344745902584,0.8824757941459433,0.3201635210316006,0.5217661478758281,0.25283864866021494,0.5412111800830451,19.483232,0.5839367,,,NOT_AVAILABLE,,
3907943223112730368,186.8080411337485,1.7601633571995303,12.672564994746262,1.300621123907786,3.6265550984075823,3.859616117012439,-0.343695265230224,2.4147064620026795,0.05379359304453716,2.1863438692788733,20.469511,1.2037315,,,NOT_AVAILABLE,,
3907818050585624832,186.0290285989099,0.9114148563687685,12.209261639114452,0.6318714794324758,-1.4547489480308369,1.9687848920748028,0.9152042826202706,1.1612861034601822,-0.4215422476091097,1.1754193540229263,20.507929,0.49382973,,,NOT_AVAILABLE,,
3907826369937820928,186.3775023634362,0.6555773666223643,12.191547268426545,0.4485823154176417,-0.5557100630541821,1.7983458591388606,-0.4032499155666183,0.9083803143083198,-0.7251885499678441,0.7435392709638541,19.793348,0.98475456,,,NOT_AVAILABLE,,
3907856567852758528,186.35282861827488,1.4594041833107627,12.572609539854014,0.7844975501375026,0.2305528505644348,2.9097696340835437,-0.9008066925612659,1.7394887273329471,-0.5119500922284754,1.385872908275489,20.674568,0.51514244,,,NOT_AVAILABLE,,
3907750533699612032,186.3326360517526,0.4730611237847229,11.92666813979959,0.4085268415344055,0.915769504934423,1.3481116025901723,-0.04848207715044497,0.7431363608226079,0.17519896982487704,0.6294848392153394,19.833267,0.8918228,,,NOT_AVAILABLE,,
3907952809479738496,186.5047089952788,1.0900077933253256,12.676880216587426,0.843766753207151,-1.753521363534524,2.534839021459158,1.5355246278886714,1.630094611649618,-0.33035649248194215,1.340537586993488,20.6024,1.0714302,,,NOT_AVAILABLE,,
3907927348913937408,187.35944618578222,1.1579022789362627,12.876789022733291,0.9147007634477868,-2.2553959378221036,2.9105258773175597,-0.25437040467764044,2.199537931210363,0.921239795627456,1.4340992783762105,20.28351,1.0978394,,,NOT_AVAILABLE,,
3907777540456023296,186.55742028873223,0.9692925459801038,12.129416640847174,0.6113092237313634,0.7424826191152417,2.431466350733045,-0.4323906173847013,1.4150079456926636,-0.7569694026691848,1.0457818065015219,20.551931,0.6126785,,,NOT_AVAILABLE,,
3907850829776436608,186.3417319552166,1.7801161523316387,12.433783183917075,0.8887546567070068,-1.2360959745961881,4.755914977795721,0.20737432380708615,1.7356432927150234,0.2189960397330395,1.4497626894533626,20.812763,0.60290337,,,NOT_AVAILABLE,,
3907964216912890624,187.06140076796197,1.0937287759088294,12.70128623056571,1.171293207664917,-1.5753494226712437,2.900170126302406,1.397063969907414,2.4094795436700496,-1.248652415860968,1.5673003211353653,20.848394,0.4497776,,,NOT_AVAILABLE,,
3907981877818027648,186.865148503167,0.42809488307776733,12.871360798499742,0.3153724836784176,-0.3475373703271748,1.1363094460887613,-0.5025996090041372,0.5679673020100156,0.07674501162185692,0.5259634251270722,19.628584,0.7445679,,,NOT_AVAILABLE,,
3907954424387481088,186.48855985405407,0.9182613452201966,12.759719187886084,0.627229234154386,-0.4729320727057427,2.3187325151285743,-0.9905431638818987,1.279669321837369,0.10735217497946735,1.1082209843042579,20.402056,0.39556694,,,NOT_AVAILABLE,,
3907824372777444992,186.31510220889152,0.8706870906262238,12.112729305894215,0.6150449093282442,-0.9407501553880274,2.579936518796068,-1.1718818684351155,1.439781719075814,0.6820095514413016,0.9445580152794015,20.47638,0.6502304,,,NOT_AVAILABLE,,
3907961880451379072,186.74573937646292,1.7685485414016608,12.852934981241145,2.1202495843074596,3.167987674476186,3.937771718011675,1.4135539436182771,3.1571058622259556,0.17879106039488799,2.06423546785533,20.870218,1.1153736,,,NOT_AVAILABLE,,
3907953702832954240,186.47818434884235,1.2659401577739005,12.714635977459764,0.6257939627128172,-2.0751555417956387,2.2918700935597216,-0.9832619322679881,1.2722260411565447,-0.45302308796661517,1.4144149015533307,20.591469,0.57016563,,,NOT_AVAILABLE,,
3907827022772891392,186.41539966456054,0.8976528478084957,12.24754143757232,0.6128952195926699,1.1709449487611665,2.5160639983499307,-0.3431381875458504,1.3253758152483344,-0.3984374958096743,0.9914177860031687,20.431114,0.4861946,,,NOT_AVAILABLE,,
3907714322830328960,187.60430884056717,0.7083027066548895,12.517026444221987,0.5372721606079816,-0.14067134609742918,1.67290095154479,-0.18538698473607765,0.8579614292893064,0.0019110935018786528,0.8524430363051234,20.025318,0.73293877,,,NOT_AVAILABLE,,
3907882200217256448,186.88438618882185,1.0513854151007207,12.370175141182619,0.6360800359305884,-0.6826021824554276,2.432474896781172,0.8499996866465211,1.0550979925480686,0.04134494393060219,1.180750590541337,20.251314,0.46572113,,,NOT_AVAILABLE,,
3907921095440775680,187.39750613191842,1.0270947608273557,12.728849824747053,0.9110062984680338,1.4760916644478816,2.475187540742923,-1.740637054681583,2.187980643528295,0.587178385157078,1.31085906008344,20.436575,1.0971317,,,NOT_AVAILABLE,,
3907941745643930112,186.7356423058374,1.1205246225879661,12.59226885430914,0.756703570108317,1.2289545146791656,2.284449118396422,-0.5210012431015372,1.6153241781840195,-0.3594578082799692,1.4161247229686003,19.966192,1.1025429,,,NOT_AVAILABLE,,
3907925459128052224,187.29304261341676,1.4041185217847476,12.792169544851998,1.2562741641458046,-0.6965050325797384,3.1212312987367503,-0.45804225003334775,2.9446460118354887,1.3791108868702284,2.395779482366392,20.716621,0.6779518,,,NOT_AVAILABLE,,
3907681745503572608,187.35812116529635,0.9254476183085479,12.307456855090676,0.5307718091646136,-1.3707512846467562,2.0526524469711496,0.9327403794760707,1.3868486043119803,0.8722682493699091,0.9565866647819368,20.447754,0.5668278,,,NOT_AVAILABLE,,
3907755447142175744,186.80521730801044,1.9717722141464435,11.882989690263225,1.1949243639598963,3.8688759619379085,4.115107357228365,-1.9565963520743934,2.458128725585023,3.08218074920729,3.2620605488330736,20.902288,0.79549026,,,NOT_AVAILABLE,,
3907771390060999808,186.4605422621796,0.7703552154555734,11.949526704860576,0.5201553904123465,-2.0462159242083953,2.081935706649756,0.5678440674336787,1.146549269666765,0.7077535617125239,0.8610377797847975,20.231232,1.369421,,,NOT_AVAILABLE,,
3907946732100939520,186.52786747702794,1.3557286627565777,12.567335180253107,0.8733182883982789,2.400769538968917,2.8240090356994743,-0.327307289305408,2.2800215074327888,-0.07716294506453432,1.5089774597706729,20.793957,0.5814266,,,NOT_AVAILABLE,,
3907750224461949952,186.34501169013805,0.6594406780000107,11.896374839587347,0.41175337919445504,0.055842399308684405,1.4397851916366489,-0.09657123612243604,0.9644306958066198,-0.39238711333926746,0.7295214098755736,20.167898,0.62666893,,,NOT_AVAILABLE,,
3907808258060123264,185.94622220412907,0.5478037942219053,12.05024118590374,0.3881700658458977,-0.027973737126985303,1.3887122276263435,-0.16340187399823802,0.76736175291677,-0.40486791078995127,0.7189581065420474,19.74822,0.5162792,,,NOT_AVAILABLE,,
3907679722574586240,187.38035552409016,0.48624601911636967,12.182661374583398,0.35979284484857965,1.1862070633783544,1.3881630497834114,-0.1985755970067965,0.935766590638116,0.036415388868129596,0.5585819591308266,19.593702,0.62122536,,,NOT_AVAILABLE,,
3907985691748996608,186.76403853479206,0.30066048404261553,12.90055775224027,0.23208240705567448,-0.6199661378425056,0.8149465258837856,0.19543173355527177,0.42804791397926484,0.10703195945851177,0.3985117069678499,19.07246,0.37944603,,,NOT_AVAILABLE,,
3907752182967092096,186.345663118977,0.6660504820183997,12.005973970819921,0.4585119010455446,-0.26652850849192683,1.729474833714254,-0.8422158679457272,0.9543011781874234,0.6467673058417277,0.7250084602768172,20.081371,1.3801327,,,NOT_AVAILABLE,,
3907758470799162880,186.61547678597364,0.4242727763588055,11.905032917638433,0.2871785384008282,-0.429208020917784,1.126908275751702,-0.7556181624463177,0.7729951273659952,0.16974692893517737,0.486996938083913,19.40778,0.6080723,,,NOT_AVAILABLE,,
3907974215598357504,187.18160304791928,1.8961216964823628,12.9089168450291,1.3226120875886886,-2.1238928489255717,4.3502189471312755,-1.0792012175402452,2.597911295653111,-0.9696070524511095,2.0749577809513386,20.868643,1.0107994,,,NOT_AVAILABLE,,
3907977273613106176,187.1854694900851,0.6060067715181341,12.928804143026381,0.3509937516446888,1.356613191834753,1.9370803859036925,0.5905347741730174,0.7854051996599233,-0.19071812715843456,0.607021934240833,20.049814,0.49170113,,,NOT_AVAILABLE,,
3907855399621680896,186.23173504181656,1.5283409845922464,12.51527164229743,1.1425831107061823,1.1541113607673124,3.8996476126787307,-0.4620230028416975,2.387155572197599,0.25582227018591003,1.59938090862466,20.820799,1.2531815,,,NOT_AVAILABLE,,
3907899173928060416,187.297369061842,0.47781430486289045,12.504442540668737,0.2965113138205064,0.3081593284604116,1.1771766813605138,0.4671823980620499,0.6732493419916582,0.16657484495736732,0.5411292431287726,19.698519,0.56837845,,,NOT_AVAILABLE,,
3907919171295910528,187.19930083955222,0.6693467380513853,12.746581360478151,0.4280017987181643,-0.10829322084937901,1.6707391241928158,-0.40072533180318537,0.9267738168604199,-0.5560050251540902,0.709665598434329,20.271793,0.6247177,,,NOT_AVAILABLE,,
3907781594903584128,186.83735133107274,1.6824323236672947,12.177362263360745,0.7823125829683792,-0.8727383700810389,2.873391648593222,-0.5485996822445044,1.6368996968988825,-0.5545212627751014,2.0239273684049834,20.750237,0.7252655,,,NOT_AVAILABLE,,
3907835299174681216,186.59488144566328,1.0154748038350963,12.337339767258586,0.6235296647284914,1.565587735442626,2.2304419006303924,0.7997342012197717,1.462251988776781,0.9569656077700917,1.2637885445315677,20.445776,0.4956894,,,NOT_AVAILABLE,,
3907842690813519360,186.25680649341646,0.6059178874333511,12.30482802754997,0.4790004340554484,0.019968570506577826,1.5609936351887321,-0.4597681832057077,0.9471307455427747,-0.4295711926821939,0.7231670059888343,20.221207,0.9755459,,,NOT_AVAILABLE,,
3907938417044651392,186.80353057510453,0.6160784170219386,12.556722943635446,0.43997156251872926,-0.6993237411546787,1.36844397107118,-0.34054514234467814,0.8276033184224371,0.531906379569518,0.8418325433605597,20.052893,0.71674347,,,NOT_AVAILABLE,,
3907931815679497728,186.70527263397858,0.4662686633521278,12.480448906370405,0.2839953100974758,-0.682386646074669,0.9000864896352403,-0.215481764711182,0.6504236216414034,-0.5966970794315691,0.6020341186771507,19.454775,0.51263046,,,NOT_AVAILABLE,,
3907782385177568128,186.72014429380118,0.5661599272150357,12.18713989693034,0.3532179215249148,0.11584415395444464,1.2230768729566408,0.5805700574507211,0.8002168064424111,0.11051478718495299,0.7869448980990651,19.768475,0.6926956,,,NOT_AVAILABLE,,
3907984076841306752,186.94979495419176,0.7686119013814994,12.946942615938534,0.4473834178617877,-1.7345838020013042,2.5029524622403505,-0.6363333073122267,0.9554795946918622,0.22838090962324148,0.7997691907000262,20.317396,0.91524506,,,NOT_AVAILABLE,,
3907675217153234560,187.40194590320408,0.5679345365159405,12.157354949556975,0.3685600087932474,0.15731869349657673,1.5528959705716678,0.5926278827760023,0.9139233318011238,0.5100515006833052,0.6026456892361722,19.900675,0.67347336,,,NOT_AVAILABLE,,
3908716145426941952,186.49118582635896,1.2026226517707328,12.93254471049996,0.7758796510620214,0.3423595911308366,2.8335815013156576,0.25919842774500035,1.6183048097188466,-0.8731988826842555,1.4449724857254171,20.300814,1.1747341,,,NOT_AVAILABLE,,
3908684534468169856,185.80624699031694,1.025191029757248,13.06872956910069,0.7472073603830869,1.9716341352113878,2.8341533126547303,0.398846267090436,2.2275356637493116,-0.37141415839465675,1.0682917579533167,20.43322,0.94610214,,,NOT_AVAILABLE,,
3908748477940929536,186.95730886372297,1.2914649401345177,13.184614575951938,0.9944579722149116,-3.5830265875776415,3.953803541042103,-1.2328996314208478,3.042425710717116,-0.3792976464123311,1.4679082178651026,20.69462,0.58202744,,,NOT_AVAILABLE,,
3908719409602196608,186.50862044246534,1.8554794431038877,13.046643636458889,1.3738356847637243,2.0175860759795805,4.355413577880264,-1.869378099950749,2.8836853866120142,2.0286437478221857,2.390923759387301,20.7264,1.1108685,,,NOT_AVAILABLE,,
3908758064307964544,186.61809813978587,0.315688830590555,13.24394551606112,0.27093453965439923,0.30542969642298573,0.8844777985621227,0.12323164145543127,0.673637851265742,-0.08459666251901736,0.4087016749078341,19.116997,0.86149406,,,NOT_AVAILABLE,,
3908763390067459840,186.5087488868812,0.19992796753362532,13.35404683569878,0.1326565122412308,-0.2075576910182262,0.4504404056616294,-0.02645652817718986,0.2639043415841991,0.07975642397973053,0.2530476313370116,18.230534,1.0143814,,,NOT_AVAILABLE,,
3908708586285144576,186.22188892715846,1.3249941856183776,12.819931801318342,0.9350840218018872,-1.7992940464556444,3.4814353260993642,1.2013216880844562,1.8328357842194825,-1.1948764578106477,1.5126154793995175,20.55865,0.82655144,,,NOT_AVAILABLE,,
3908714603534160000,186.56643579496935,1.5836690391737345,12.952244850205778,1.18782050017248,-0.6013835818411885,3.670372565246643,-1.6570296546128727,2.6581435005395466,-0.671310733223073,2.329879354071623,20.361603,,,,NOT_AVAILABLE,,
3908768612747700864,186.57122178269947,0.3832459694063689,13.37601650216488,0.3535865642437163,-0.16551815058342312,1.0422751776734434,0.36828885385843385,0.8331460645927582,-0.422744407523275,0.556282256328264,19.297651,0.24205399,,,NOT_AVAILABLE,,
3908716798261988096,186.39842377101914,1.670441651805292,12.947593219838671,0.8816458764275898,-0.6947787682081756,3.972907527521661,-0.8120070937887793,1.8424474222832241,1.720302680638848,1.8637684248812394,20.637001,1.296257,,,NOT_AVAILABLE,,
3908759335618315264,186.59980638423608,1.3315625849693458,13.30871030829848,1.0377749575266548,1.6511792487544312,3.478764682331406,-2.2843490200972236,2.39288175137725,-0.85167227486865,1.7712707702356532,20.342258,0.55420303,,,NOT_AVAILABLE,,
3908713946407491200,186.65343207237265,1.0059585354768272,12.936165566160618,0.6143629826291672,1.4216222209114993,2.179156706232817,-0.29237676425291903,1.307638213109036,0.5817157170810386,1.129941372207215,19.521177,1.1392975,,,NOT_AVAILABLE,,
3908774213384889984,185.9167944155572,0.6952008080656292,13.041899880039251,0.44405657486233185,0.052644037877089295,1.7535422217479149,0.700506027129943,0.986419057914786,-0.1446166947294419,0.8108164516032687,20.257502,0.60676765,,,NOT_AVAILABLE,,
3908770949209944704,186.67650540373094,0.6994420700566772,13.466779563171919,0.6071605472030338,0.5709945863678167,2.0138722412164975,0.9380736618970054,1.2692773894358276,-0.4429942101610489,0.942609305427925,20.198246,0.63092995,,,NOT_AVAILABLE,,
3908620213037644032,185.66222925724907,2.1107328637259917,12.648296393508929,0.7920379538016207,0.39477077648702374,3.018357828871043,-0.5512032538441403,1.5047217340804362,0.10107954057953446,2.197784131812559,20.738167,0.8336773,,,NOT_AVAILABLE,,
3908774110305667584,185.9052075873539,1.301747907638973,13.025108530360049,0.9777319089683373,-1.90116415119234,3.7728462194667856,0.014750636041237306,2.884681604211598,0.21135839113771704,1.4170310483474016,20.631952,0.3860321,,,NOT_AVAILABLE,,
3908669283039713664,185.71818622162678,0.6254721089239542,12.71811850566291,0.39662564074684026,1.0113107774058854,1.408325491029679,-0.0768010308811787,0.9568934718054134,0.6238701006312157,0.6767872042931302,19.795935,0.83647346,,,NOT_AVAILABLE,,
3908579054366859520,185.79523934243988,1.0588026972342093,12.46277468731639,0.9916621409421671,-0.5504256426832967,2.7382785224896646,-0.2385864917497975,2.1040363874773544,-0.4999700551307365,1.4154037996106672,20.644804,-0.009540558,,,NOT_AVAILABLE,,
3908741197971524864,186.7300031774507,1.7596192973662221,13.108671155451322,1.1280407139138302,-1.4009757795354636,3.5928366551723214,-1.6165409634653867,3.21952419614693,1.2258446653913229,2.310792103103429,20.590975,1.0981884,,,NOT_AVAILABLE,,
3908599906431949184,186.12388886008756,2.006613923716257,12.501615277765625,1.1305397023512704,0.304691233695131,4.091891804406708,-0.3185024859848975,3.112511955477689,-0.8957104931462521,1.7568509124734506,20.938782,0.75083923,,,NOT_AVAILABLE,,
3908618842943885696,185.73906562330941,1.2795181466894776,12.58350363197286,0.7192303031076649,-1.341043692726559,2.003067397057484,0.1004368485600998,1.2910359592974372,-0.03393469824713785,1.5812698832948275,20.408897,0.6259918,,,NOT_AVAILABLE,,
3908624061330386688,186.02602727057152,1.2467822830479043,12.725962782827347,0.694038232318099,2.011166102710844,3.1685387272461205,-0.028674384575335714,1.2166343013868446,0.3060062035212075,1.3625405268077877,20.74463,1.212307,,,NOT_AVAILABLE,,
3908604098320040576,186.0437478917992,0.6041023109484681,12.574140265233325,0.4138304043289544,0.9572691358054215,1.7431155213238847,-0.015216733282735172,0.7019497482166348,0.29257576673297936,0.7785613927159886,20.154814,0.8109379,,,NOT_AVAILABLE,,
3908619250964949632,185.76336154239402,0.7749593980911064,12.603368817852603,0.46301264663289543,0.07096541129148036,1.900861109868309,-1.03171335563008,1.1697296609630485,0.11426112363981164,0.8394869302560712,20.323017,0.23022842,,,NOT_AVAILABLE,,
3908626947546145024,186.0710017100928,1.8636817948881261,12.80050115097412,1.0485201297556914,0.49391016218471795,3.4154195252583195,-0.8501919001929061,1.7728402222586455,-1.3755920048103287,2.168843663626656,20.598036,0.91249657,,,NOT_AVAILABLE,,
3908624576724120832,185.90234623671486,0.7865898981117837,12.72079122565713,0.6150545741860094,-1.061920309605669,2.3242065744365337,-0.1425319862637685,1.3908166187257498,-0.901574496702532,1.0535428556480337,20.375166,0.32823753,,,NOT_AVAILABLE,,
3908607980970582144,186.22475654271278,1.0422832665217794,12.584828675389494,0.8473731987904825,0.24719624226604242,3.0283915070638185,-0.5935441670010978,1.7627257474399458,1.0595187758413365,1.2474851588794387,20.587843,1.5676708,,,NOT_AVAILABLE,,
3908704256958134016,186.2866346332574,1.3036961314375906,12.74944311451447,0.5904258061658159,-2.63956049735584,2.7534767647949523,-1.1564447515152823,1.23451940225373,0.9324683149712075,1.3138565424681825,20.635118,1.3467293,,,NOT_AVAILABLE,,
3908772705851190272,185.96714198100923,0.9477667007434126,12.958337744826883,0.3988844846421061,1.1657245354406482,1.2522819767462743,0.16635325552110125,0.7769636514750677,0.6923639448677381,1.1916681102586233,19.454723,1.7529774,,,NOT_AVAILABLE,,
3908722398899288320,186.20065461207486,0.2059962391639076,12.90370987600545,0.13636264647397323,0.09493474667879952,0.5390539819833307,0.11388081791536298,0.27179978875470767,-0.08824674053922585,0.2391364476528889,18.482368,0.250906,,,NOT_AVAILABLE,,
3908762015677902080,186.48182273396662,1.5369459375256513,13.29947273289503,1.2948387431089934,-0.1782948240810889,4.236794667131483,-0.236942797504022,2.407489184216723,-0.6043599856614376,1.767851451105206,20.78131,0.44734955,,,NOT_AVAILABLE,,
3908734149929961216,186.1955337580711,1.1065141921886232,13.057433611548175,0.7704167722591732,2.052009754081379,2.642045712821676,-1.2095256209388257,1.598814900565478,-0.42911547993811733,1.1387045841023973,20.582846,0.26025963,,,NOT_AVAILABLE,,
3908713534086775168,186.56138757834054,2.0549552522354784,12.893098349302761,1.1733640304221342,-0.4412167209659017,3.372225506026697,0.6129340486310205,2.3150960767199824,0.9344273399027119,2.7079574487770617,20.537334,1.2861919,,,NOT_AVAILABLE,,
3908736623832524928,186.2633604939244,2.3499194639177747,13.156971981932179,1.1221026077268772,-2.9189198961418,5.012166491536407,-1.4546648473002117,2.0916319077096115,-0.6239145935653703,2.1331345820492826,20.940496,1.7875004,,,NOT_AVAILABLE,,
3908608019626269312,186.22795633657475,0.48805449310854687,12.601807492414084,0.34708391000619304,-0.9065380506845474,1.3213022986188119,0.429694128517852,0.7735079809672315,-0.24542886974614367,0.5673018749969694,19.639126,0.5058594,,,NOT_AVAILABLE,,
3908622794313797120,185.81546235860148,1.3969612283895598,12.760959527574457,0.8239400988010316,-0.7092099727421641,3.221457047374039,-1.7990204547027864,2.201527040520845,0.4431725184449469,1.264306976170468,20.70622,1.2014198,,,NOT_AVAILABLE,,
3908718795422149504,186.46608240994732,1.8739260466788283,13.003392189501636,1.284793729419311,2.1197501333888065,4.6927170382864505,-0.1767707462810491,2.632853468660128,-1.3680176690250934,2.0751533074709902,20.716728,1.1092911,,,NOT_AVAILABLE,,
3908716149722295680,186.48870802955287,1.6664558011975403,12.932327807897906,1.223175920111113,2.3202560786402207,3.8567189533607062,-0.7335732950012652,2.7814721539704683,-1.43653586934379,2.1420120845887136,20.709959,1.0615025,,,NOT_AVAILABLE,,
3908711030121405824,186.3327800703064,1.429647766821045,12.9366067938765,0.759559896580583,-1.7379167400361157,3.9431513202878206,-0.33220881518398415,1.612576277561969,-0.29835954775735263,1.5331611507540766,20.778748,0.72359467,,,NOT_AVAILABLE,,
3908610317432687616,186.074011372829,0.8635581336497617,12.605949818431233,0.5507206909147904,-1.6717361237112263,2.484525193583128,-0.7785734063646352,0.9303210581959199,-0.03857231120207152,0.9134001702398878,20.381191,0.5338249,,,NOT_AVAILABLE,,
3908827299180882944,186.17524029683355,2.3919561381348573,13.517187018891857,1.2434434236162888,3.014292191022027,3.917433436510831,-1.0970793735797,2.421831858927472,2.3145993603901642,2.8207692348655877,20.626764,1.023922,,,NOT_AVAILABLE,,
3908824206804795264,186.56547711935679,0.3761288860482803,13.65156081562938,0.2759531670023649,-0.5209913253903747,0.8995656617725852,0.5105582912797496,0.6981885141745358,0.010306195650828348,0.4936022382197458,19.223795,1.6680698,,,NOT_AVAILABLE,,
3908780501217078912,185.96400471984083,1.0438105077168973,13.169579396194996,0.9497384008005479,-0.5260517437444384,3.148915160989941,0.19979034191764047,1.203951774508869,1.2691639535386574,1.5247049638417163,20.27578,0.58724976,,,NOT_AVAILABLE,,
3908830769514472832,186.10859643805645,0.5542189164694913,13.559385995433264,0.34324945123622824,1.1586513841335677,1.1948309812583,0.5799023754923665,0.6582594955599338,-0.6037249994520756,0.6312229216347915,19.89995,1.3635731,,,NOT_AVAILABLE,,
3908838156858258944,186.42189356387857,1.3799857715014872,13.740617913338374,1.118464664835967,-0.9326429808698008,2.562828410499834,-0.32561941987280313,2.0729877098102985,1.0568817083943685,1.617105155742273,20.64308,0.23193741,,,NOT_AVAILABLE,,
3908792767644207104,185.84764237271347,0.885133809903999,13.208444538726932,1.1921917859872329,-1.945761421315391,3.028055527889512,-3.569983775066023,3.579238836372718,1.2599668914242401,1.4148068092533663,20.588493,0.8780613,,,NOT_AVAILABLE,,
3908780986548655872,185.9796604648277,1.1661622265518228,13.195117957763882,0.79952627786301,-0.7836069670614366,3.7399797173642315,0.44648206314017685,1.2874178546299042,-0.8908735230440389,1.4070483268107352,20.666199,0.5329819,,,NOT_AVAILABLE,,
3908834308567532288,186.3194151562367,2.672871476053625,13.58439328799301,0.8239480439672053,3.209093364935831,3.231243078242745,-1.5293322509572966,1.8448934737546565,2.0946643614477876,3.024507302734598,20.74675,0.6874485,,,NOT_AVAILABLE,,
3908800361145933568,185.9507519130786,0.4412679525656216,13.328747397847076,0.37810153845949374,-0.7734948662246047,1.068681131858741,0.4326123564206531,0.6401249672599976,0.24713308563562175,0.5772264846035218,19.738968,0.5706558,,,NOT_AVAILABLE,,
3908821904701973120,186.42971114600792,0.8566921517081045,13.555775043775405,0.5925228130948544,-0.9750359315679914,1.9008309344384946,0.978299778480094,1.163709157738855,0.17103018043866133,1.0274483692911158,20.078209,0.5938301,,,NOT_AVAILABLE,,
3932018988707517184,187.18741597466865,0.7815340146089054,13.303458504029749,0.44623078422625967,-0.8453216935609109,1.9656594857559244,0.004381982365004978,1.0583324830565568,0.03146191242878371,0.8291063184359428,20.287476,0.42129326,,,NOT_AVAILABLE,,
3932019882060716416,187.14406775678208,1.6153700806943563,13.316465352859725,0.8053129862969771,-1.5115060031377239,3.3000789027594597,0.9624518890708637,2.3879845856498263,1.2877606778251773,1.573781070492703,20.841362,0.4272194,,,NOT_AVAILABLE,,
3932021874925540480,187.33474305309605,0.5292489569491453,13.306342897949142,0.4405552929634809,1.2116491547777704,1.2966594975479129,-0.38673477252257316,0.856422144848335,-0.2881635772308675,0.70157924741264,19.674238,0.87379646,,,NOT_AVAILABLE,,
3931945153925485568,187.5959016718826,2.006582357351517,12.941061445595306,1.49394592322508,0.7867886757523822,2.9957782307812155,0.4200388670385111,3.9108797166476115,1.075150193337371,2.6551439788125912,20.692978,0.3802719,,,NOT_AVAILABLE,,
3931998475943926144,187.46615796194112,1.1850539946449543,13.134920745287978,1.3190158425495282,0.9934431396143983,3.0903295557955675,0.4078922580791007,1.9642053921255347,1.3514212024196806,1.4787248308517342,20.639862,0.8052101,,,NOT_AVAILABLE,,
3931950234871235200,187.5719321844719,1.8786938498066479,13.075939684802696,1.1550565142909857,-0.21808622611485612,3.609562589414328,-1.8765837467173243,2.0975690577033377,0.8805545660747064,2.314717406807273,20.87494,0.48166847,,,NOT_AVAILABLE,,
3932008685081616384,187.41333883966308,0.7717352756682796,13.225938142428602,0.665241697185456,-0.38841637670000273,1.8443602400728105,-1.5426902769744546,1.5728790299953253,0.8719162022633385,1.026313200568216,20.010672,0.867218,,,NOT_AVAILABLE,,
3932027406843431168,187.38147270193903,0.9055885432404908,13.429131595548531,0.8595805166555781,-1.9090231776198443,2.3827133338964863,-1.246486900609362,1.78561994947346,0.7748648752101572,1.1172578837023008,20.11946,0.57087517,,,NOT_AVAILABLE,,
3932015037337599744,187.31035679470426,0.5117286355142928,13.257755302357548,0.39757209903504803,0.33352115322820997,1.2899764545359433,-0.5218115462402512,0.7866260948357787,0.5641941960343899,0.6029326422749701,19.714857,0.4753933,,,NOT_AVAILABLE,,
3931941679296249600,187.57177700397975,0.473220030259246,12.817656209070302,0.4987962499084294,1.0434047933558925,1.0461575774387282,-0.046129742667873765,0.8079479024520968,-0.3071530608412894,0.5717257205444198,19.613018,0.65867615,,,NOT_AVAILABLE,,
3932024108308858880,187.4174544847447,1.2405136121918872,13.391981517520742,1.3177655677135822,-1.9571061452659642,3.1235572971478294,-1.3862862713203314,2.6103371439624445,-0.24810808771612247,1.7947783199251077,20.586573,0.5486984,,,NOT_AVAILABLE,,
3932000468808507264,187.2946560006163,0.4624785400736551,13.115391122816217,0.3649501491185821,-0.03261367893584185,1.2385634796821667,-0.651740200988693,0.7769601226372561,0.292282291712133,0.5856702091935981,19.714327,0.7865181,,,NOT_AVAILABLE,,
3931999919052691072,187.25109134754578,1.3612525714260302,13.08122348209667,0.9479943045793873,-2.2827439777991194,3.1723674586785773,-0.7051821230782901,2.1365072356242854,1.228523124281001,1.5603106584550888,20.836617,0.28601837,,,NOT_AVAILABLE,,
3932003148868335104,187.56721716172407,0.8692835187991159,13.109483593586114,0.6420037016386682,1.632913739460841,2.055972865360074,0.698789541169519,1.1101265120081707,0.06543601756786396,1.1159108672242295,20.41658,0.56298447,,,NOT_AVAILABLE,,
3932009131757602432,187.42958540761052,0.5120759960564861,13.26978601818937,0.5585677365504015,-0.8302771449828326,1.4779042551097015,-0.1083951877716604,1.2622780051447182,-0.16326308916800097,0.6699639808433746,19.791754,0.33229446,,,NOT_AVAILABLE,,
3932012975753284096,187.24416257669498,1.5803381892610315,13.199622200305509,0.8998941210534055,-3.3149175153226715,3.5780890011382893,-0.841752341536775,1.946936708536774,1.607516165434001,1.8964958117795307,20.834913,0.9861603,,,NOT_AVAILABLE,,
3932020225658102656,187.19978840256394,1.6441289093863143,13.337904787601563,0.8934262398283912,-0.7437081343328077,2.697793680451613,0.1335680603959316,1.7120651612874858,-1.3791182393184322,1.7829605301069429,20.620464,0.9518051,,,NOT_AVAILABLE,,
3932014315783081984,187.3031113034397,0.16481706894500606,13.206663292844778,0.1145434054958593,-0.3060893252999953,0.40124107255803787,-0.2270679753618931,0.24804609253421214,0.04345264322019396,0.20100998245133814,18.206656,0.8494129,,,NOT_AVAILABLE,,
